region_id;rosstat_name;municipality_type;population;as_of;indicator_code
moscow;Городской округ Балашиха;городской округ;569040;2025-01-01;8112027
moscow;Богородский городской округ;городской округ;222878;2025-01-01;8112027
moscow;Городской округ Бронницы;городской округ;21050;2025-01-01;8112027
moscow;Городской округ Власиха (ЗАТО);городской округ;28556;2025-01-01;8112027
moscow;Волоколамский городской округ;городской округ;64353;2025-01-01;8112027
moscow;Городской округ Воскресенск;городской округ;161862;2025-01-01;8112027
moscow;Городской округ Восход (ЗАТО);городской округ;2056;2025-01-01;8112027
moscow;Городской округ Дзержинский;городской округ;57308;2025-01-01;8112027
moscow;Дмитровский городской округ;городской округ;168673;2025-01-01;8112027
moscow;Городской округ Долгопрудный;городской округ;118760;2025-01-01;8112027
moscow;Городской округ Домодедово;городской округ;231034;2025-01-01;8112027
moscow;Городской округ Дубна;городской округ;74223;2025-01-01;8112027
moscow;Городской округ Егорьевск;городской округ;111529;2025-01-01;8112027
moscow;Городской округ Жуковский;городской округ;109831;2025-01-01;8112027
moscow;Городской округ Зарайск;городской округ;36444;2025-01-01;8112027
moscow;Городской округ Звездный городок (ЗАТО);городской округ;7559;2025-01-01;8112027
moscow;Городской округ Истра;городской округ;172195;2025-01-01;8112027
moscow;Городской округ Кашира;городской округ;66093;2025-01-01;8112027
moscow;Городской округ Клин;городской округ;149813;2025-01-01;8112027
moscow;Городской округ Коломна;городской округ;215146;2025-01-01;8112027
moscow;Городской округ Королёв;городской округ;226477;2025-01-01;8112027
moscow;Городской округ Котельники;городской округ;75289;2025-01-01;8112027
moscow;Городской округ Красногорск;городской округ;345865;2025-01-01;8112027
moscow;Городской округ Краснознаменск  (ЗАТО);городской округ;44687;2025-01-01;8112027
moscow;Ленинский городской округ;городской округ;342130;2025-01-01;8112027
moscow;Городской округ Лобня;городской округ;82353;2025-01-01;8112027
moscow;Городской округ Лосино-Петровский;городской округ;74266;2025-01-01;8112027
moscow;Городской округ Лотошино;городской округ;21850;2025-01-01;8112027
moscow;Городской округ Луховицы;городской округ;61324;2025-01-01;8112027
moscow;Городской округ Лыткарино;городской округ;66930;2025-01-01;8112027
moscow;Городской округ Люберцы;городской округ;391176;2025-01-01;8112027
moscow;Можайский городской округ;городской округ;93410;2025-01-01;8112027
moscow;Городской округ Молодёжный (ЗАТО);городской округ;2838;2025-01-01;8112027
moscow;Городской округ Мытищи;городской округ;314245;2025-01-01;8112027
moscow;Наро-Фоминский городской округ;городской округ;201751;2025-01-01;8112027
moscow;Одинцовский городской округ;городской округ;488473;2025-01-01;8112027
moscow;Орехово-Зуевский городской округ;городской округ;240786;2025-01-01;8112027
moscow;Павлово-Посадский городской округ;городской округ;122800;2025-01-01;8112027
moscow;Городской округ Подольск;городской округ;351752;2025-01-01;8112027
moscow;Городской округ Пушкинский;городской округ;303588;2025-01-01;8112027
moscow;Раменский городской округ;городской округ;326038;2025-01-01;8112027
moscow;Городской округ Реутов;городской округ;118065;2025-01-01;8112027
moscow;Рузский городской округ;городской округ;80478;2025-01-01;8112027
moscow;Сергиево-Посадский городской округ;городской округ;208982;2025-01-01;8112027
moscow;Городской округ Серебряные Пруды;городской округ;23325;2025-01-01;8112027
moscow;Городской округ Серпухов;городской округ;239430;2025-01-01;8112027
moscow;Городской округ Солнечногорск;городской округ;140933;2025-01-01;8112027
moscow;Городской округ Ступино;городской округ;118452;2025-01-01;8112027
moscow;Талдомский городской округ;городской округ;64680;2025-01-01;8112027
moscow;Городской округ Фрязино;городской округ;58554;2025-01-01;8112027
moscow;Городской округ Химки;городской округ;280221;2025-01-01;8112027
moscow;Городской округ Черноголовка;городской округ;21197;2025-01-01;8112027
moscow;Городской округ Чехов;городской округ;149055;2025-01-01;8112027
moscow;Городской округ Шатура;городской округ;100601;2025-01-01;8112027
moscow;Городской округ Шаховская;городской округ;29919;2025-01-01;8112027
moscow;Городской округ Щёлково;городской округ;223423;2025-01-01;8112027
moscow;Городской округ Электросталь;городской округ;151989;2025-01-01;8112027
tver;Городской округ город Тверь;городской округ;412806;2025-01-01;8112027
tver;Городской округ город Торжок;городской округ;39259;2025-01-01;8112027
tver;Городской округ поселок городского типа Озерный (ЗАТО);городской округ;10439;2025-01-01;8112027
tver;Городской округ поселок городского типа Солнечный (ЗАТО);городской округ;1760;2025-01-01;8112027
tver;Андреапольский муниципальный округ;муниципальный округ;9514;2025-01-01;8112027
tver;Бежецкий муниципальный округ;муниципальный округ;30371;2025-01-01;8112027
tver;Бельский муниципальный округ;муниципальный округ;4731;2025-01-01;8112027
tver;Бологовский муниципальный округ;муниципальный округ;30007;2025-01-01;8112027
tver;Весьегонский муниципальный округ;муниципальный округ;9215;2025-01-01;8112027
tver;Вышневолоцкий муниципальный округ;муниципальный округ;62808;2025-01-01;8112027
tver;Жарковский муниципальный округ;муниципальный округ;3809;2025-01-01;8112027
tver;Западнодвинский муниципальный округ;муниципальный округ;11701;2025-01-01;8112027
tver;Зубцовский муниципальный округ;муниципальный округ;13999;2025-01-01;8112027
tver;Калининский муниципальный округ;муниципальный округ;60552;2025-01-01;8112027
tver;Калязинский муниципальный округ;муниципальный округ;18745;2025-01-01;8112027
tver;Кашинский муниципальный округ;муниципальный округ;22316;2025-01-01;8112027
tver;Кесовогорский муниципальный округ;муниципальный округ;7116;2025-01-01;8112027
tver;Кимрский муниципальный округ;муниципальный округ;50880;2025-01-01;8112027
tver;Конаковский муниципальный округ;муниципальный округ;67278;2025-01-01;8112027
tver;Краснохолмский муниципальный округ;муниципальный округ;8382;2025-01-01;8112027
tver;Кувшиновский муниципальный округ;муниципальный округ;12484;2025-01-01;8112027
tver;Лесной муниципальный округ;муниципальный округ;3762;2025-01-01;8112027
tver;Лихославльский муниципальный округ;муниципальный округ;23977;2025-01-01;8112027
tver;Максатихинский муниципальный округ;муниципальный округ;13535;2025-01-01;8112027
tver;Молоковский муниципальный округ;муниципальный округ;3606;2025-01-01;8112027
tver;Нелидовский муниципальный округ;муниципальный округ;22315;2025-01-01;8112027
tver;Оленинский муниципальный округ;муниципальный округ;11241;2025-01-01;8112027
tver;Осташковский муниципальный округ;муниципальный округ;20813;2025-01-01;8112027
tver;Пеновский муниципальный округ;муниципальный округ;4980;2025-01-01;8112027
tver;Рамешковский муниципальный округ;муниципальный округ;14656;2025-01-01;8112027
tver;Ржевский муниципальный округ;муниципальный округ;62879;2025-01-01;8112027
tver;Сандовский муниципальный округ;муниципальный округ;4705;2025-01-01;8112027
tver;Селижаровский муниципальный округ;муниципальный округ;9795;2025-01-01;8112027
tver;Сонковский муниципальный округ;муниципальный округ;6274;2025-01-01;8112027
tver;Спировский муниципальный округ;муниципальный округ;8252;2025-01-01;8112027
tver;Старицкий муниципальный округ;муниципальный округ;20624;2025-01-01;8112027
tver;Торопецкий муниципальный округ;муниципальный округ;15868;2025-01-01;8112027
tver;Удомельский муниципальный округ;муниципальный округ;28899;2025-01-01;8112027
tver;Фировский муниципальный округ;муниципальный округ;7703;2025-01-01;8112027
tver;Торжокский муниципальный район;муниципальный район;18518;2025-01-01;8112027
vladimir;Городской округ город Владимир;городской округ;344242;2025-01-01;8112027
vladimir;Городской округ город Гусь-Хрустальный;городской округ;50508;2025-01-01;8112027
vladimir;Городской округ город Ковров;городской округ;127831;2025-01-01;8112027
vladimir;Городской округ округ Муром;городской округ;125714;2025-01-01;8112027
vladimir;Городской округ город Радужный;городской округ;17478;2025-01-01;8112027
vladimir;Меленковский муниципальный округ;муниципальный округ;30842;2025-01-01;8112027
vladimir;Собинский муниципальный округ;муниципальный округ;47901;2025-01-01;8112027
vladimir;Александровский муниципальный район;муниципальный район;101322;2025-01-01;8112027
vladimir;Вязниковский муниципальный район;муниципальный район;65484;2025-01-01;8112027
vladimir;Гороховецкий муниципальный район;муниципальный район;19540;2025-01-01;8112027
vladimir;Гусь-Хрустальный муниципальный район;муниципальный район;38182;2025-01-01;8112027
vladimir;Камешковский муниципальный район;муниципальный район;30314;2025-01-01;8112027
vladimir;Киржачский муниципальный район;муниципальный район;37873;2025-01-01;8112027
vladimir;Ковровский муниципальный район;муниципальный район;29478;2025-01-01;8112027
vladimir;Кольчугинский муниципальный район;муниципальный район;46616;2025-01-01;8112027
vladimir;Петушинский муниципальный район;муниципальный район;57751;2025-01-01;8112027
vladimir;Селивановский муниципальный район;муниципальный район;16506;2025-01-01;8112027
vladimir;Судогодский муниципальный район;муниципальный район;33697;2025-01-01;8112027
vladimir;Суздальский муниципальный район;муниципальный район;46357;2025-01-01;8112027
vladimir;Юрьев-Польский муниципальный район;муниципальный район;30300;2025-01-01;8112027
kaluga;Городской округ город Калуга;городской округ;346436;2025-01-01;8112027
kaluga;Городской округ город Обнинск;городской округ;132965;2025-01-01;8112027
kaluga;Бабынинский муниципальный район;муниципальный район;20690;2025-01-01;8112027
kaluga;Барятинский муниципальный район;муниципальный район;5457;2025-01-01;8112027
kaluga;Боровский муниципальный район;муниципальный район;84597;2025-01-01;8112027
kaluga;Дзержинский муниципальный район;муниципальный район;56006;2025-01-01;8112027
kaluga;Думиничский муниципальный район;муниципальный район;13170;2025-01-01;8112027
kaluga;Жиздринский муниципальный район;муниципальный район;9735;2025-01-01;8112027
kaluga;Жуковский муниципальный район;муниципальный район;59288;2025-01-01;8112027
kaluga;Кировский муниципальный район;муниципальный район;37404;2025-01-01;8112027
kaluga;Износковский муниципальный район;муниципальный район;6375;2025-01-01;8112027
kaluga;Козельский муниципальный район;муниципальный район;38073;2025-01-01;8112027
kaluga;Куйбышевский муниципальный район;муниципальный район;7248;2025-01-01;8112027
kaluga;Людиновский муниципальный район;муниципальный район;37777;2025-01-01;8112027
kaluga;Малоярославецкий муниципальный район;муниципальный район;71187;2025-01-01;8112027
kaluga;Медынский муниципальный район;муниципальный район;12342;2025-01-01;8112027
kaluga;Мещовский муниципальный район;муниципальный район;11249;2025-01-01;8112027
kaluga;Мосальский муниципальный район;муниципальный район;8968;2025-01-01;8112027
kaluga;Перемышльский муниципальный район;муниципальный район;14492;2025-01-01;8112027
kaluga;Спас-Деменский муниципальный район;муниципальный район;7270;2025-01-01;8112027
kaluga;Сухиничский муниципальный район;муниципальный район;22017;2025-01-01;8112027
kaluga;Тарусский муниципальный район;муниципальный район;16336;2025-01-01;8112027
kaluga;Ульяновский муниципальный район;муниципальный район;6828;2025-01-01;8112027
kaluga;Ферзиковский муниципальный район;муниципальный район;18409;2025-01-01;8112027
kaluga;Хвастовичский муниципальный район;муниципальный район;9714;2025-01-01;8112027
kaluga;Юхновский муниципальный район;муниципальный район;12568;2025-01-01;8112027
tula;Городской округ город Тула;городской округ;533607;2025-01-01;8112027
tula;Городской округ город Алексин;городской округ;68427;2025-01-01;8112027
tula;Городской округ рабочий поселок Новогуровский;городской округ;3581;2025-01-01;8112027
tula;Городской округ город Донской;городской округ;61740;2025-01-01;8112027
tula;Городской округ город Ефремов;городской округ;55592;2025-01-01;8112027
tula;Городской округ город Новомосковск;городской округ;128151;2025-01-01;8112027
tula;Городской округ Славный;городской округ;1778;2025-01-01;8112027
tula;Арсеньевский муниципальный район;муниципальный район;9092;2025-01-01;8112027
tula;Белевский муниципальный район;муниципальный район;18334;2025-01-01;8112027
tula;Богородицкий муниципальный район;муниципальный район;49028;2025-01-01;8112027
tula;Веневский муниципальный район;муниципальный район;33705;2025-01-01;8112027
tula;Воловский муниципальный район;муниципальный район;13509;2025-01-01;8112027
tula;Дубенский муниципальный район;муниципальный район;14635;2025-01-01;8112027
tula;Заокский муниципальный район;муниципальный район;26424;2025-01-01;8112027
tula;Каменский муниципальный район;муниципальный район;8042;2025-01-01;8112027
tula;Кимовский муниципальный район;муниципальный район;38276;2025-01-01;8112027
tula;Киреевский муниципальный район;муниципальный район;72945;2025-01-01;8112027
tula;Куркинский муниципальный район;муниципальный район;10578;2025-01-01;8112027
tula;Одоевский муниципальный район;муниципальный район;11681;2025-01-01;8112027
tula;Плавский муниципальный район;муниципальный район;29372;2025-01-01;8112027
tula;Суворовский муниципальный район;муниципальный район;34003;2025-01-01;8112027
tula;Тепло-Огаревский муниципальный район;муниципальный район;10927;2025-01-01;8112027
tula;Узловский муниципальный район;муниципальный район;74853;2025-01-01;8112027
tula;Чернский муниципальный район;муниципальный район;18220;2025-01-01;8112027
tula;Щекинский муниципальный район;муниципальный район;100124;2025-01-01;8112027
tula;Ясногорский муниципальный район;муниципальный район;30167;2025-01-01;8112027
ryazan;Городской округ город Рязань;городской округ;519315;2025-01-01;8112027
ryazan;Городской округ город Скопин;городской округ;25065;2025-01-01;8112027
ryazan;Касимовский муниципальный округ;муниципальный округ;53657;2025-01-01;8112027
ryazan;Кораблинский муниципальный округ;муниципальный округ;21505;2025-01-01;8112027
ryazan;Михайловский муниципальный округ;муниципальный округ;30699;2025-01-01;8112027
ryazan;Пителинский муниципальный округ;муниципальный округ;4525;2025-01-01;8112027
ryazan;Путятинский муниципальный округ;муниципальный округ;6768;2025-01-01;8112027
ryazan;Ряжский муниципальный округ;муниципальный округ;26626;2025-01-01;8112027
ryazan;Сасовский муниципальный округ;муниципальный округ;35646;2025-01-01;8112027
ryazan;Ермишинский муниципальный район;муниципальный район;6266;2025-01-01;8112027
ryazan;Захаровский муниципальный район;муниципальный район;7520;2025-01-01;8112027
ryazan;Кадомский муниципальный район;муниципальный район;7166;2025-01-01;8112027
ryazan;Клепиковский муниципальный район;муниципальный район;20341;2025-01-01;8112027
ryazan;Милославский муниципальный район;муниципальный район;10418;2025-01-01;8112027
ryazan;Александро-Невский муниципальный район;муниципальный район;10340;2025-01-01;8112027
ryazan;Пронский муниципальный район;муниципальный район;29510;2025-01-01;8112027
ryazan;Рыбновский муниципальный район;муниципальный район;38672;2025-01-01;8112027
ryazan;Рязанский муниципальный район;муниципальный район;63235;2025-01-01;8112027
ryazan;Сапожковский муниципальный район;муниципальный район;8805;2025-01-01;8112027
ryazan;Сараевский муниципальный район;муниципальный район;14154;2025-01-01;8112027
ryazan;Скопинский муниципальный район;муниципальный район;26249;2025-01-01;8112027
ryazan;Спасский муниципальный район;муниципальный район;24341;2025-01-01;8112027
ryazan;Старожиловский муниципальный район;муниципальный район;15445;2025-01-01;8112027
ryazan;Ухоловский муниципальный район;муниципальный район;7996;2025-01-01;8112027
ryazan;Чучковский муниципальный район;муниципальный район;6489;2025-01-01;8112027
ryazan;Шацкий муниципальный район;муниципальный район;19850;2025-01-01;8112027
ryazan;Шиловский муниципальный район;муниципальный район;33799;2025-01-01;8112027
yaroslavl;Городской округ город Ярославль;городской округ;563717;2025-01-01;8112027
yaroslavl;Городской округ город Рыбинск;городской округ;169579;2025-01-01;8112027
yaroslavl;Переславль-Залесский муниципальный округ;муниципальный округ;53680;2025-01-01;8112027
yaroslavl;Большесельский муниципальный район;муниципальный район;9060;2025-01-01;8112027
yaroslavl;Борисоглебский муниципальный район;муниципальный район;11711;2025-01-01;8112027
yaroslavl;Брейтовский муниципальный район;муниципальный район;5261;2025-01-01;8112027
yaroslavl;Гаврилов-Ямский муниципальный район;муниципальный район;23493;2025-01-01;8112027
yaroslavl;Даниловский муниципальный район;муниципальный район;20373;2025-01-01;8112027
yaroslavl;Любимский муниципальный район;муниципальный район;9737;2025-01-01;8112027
yaroslavl;Мышкинский муниципальный район;муниципальный район;8932;2025-01-01;8112027
yaroslavl;Некоузский муниципальный район;муниципальный район;11204;2025-01-01;8112027
yaroslavl;Некрасовский муниципальный район;муниципальный район;19364;2025-01-01;8112027
yaroslavl;Первомайский муниципальный район;муниципальный район;8205;2025-01-01;8112027
yaroslavl;Пошехонский муниципальный район;муниципальный район;10019;2025-01-01;8112027
yaroslavl;Ростовский муниципальный район;муниципальный район;57768;2025-01-01;8112027
yaroslavl;Рыбинский муниципальный район;муниципальный район;26253;2025-01-01;8112027
yaroslavl;Тутаевский муниципальный район;муниципальный район;52330;2025-01-01;8112027
yaroslavl;Угличский муниципальный район;муниципальный район;45725;2025-01-01;8112027
yaroslavl;Ярославский муниципальный район;муниципальный район;73763;2025-01-01;8112027
smolensk;Городской округ город Смоленск;городской округ;310460;2025-01-01;8112027
smolensk;Городской округ город Десногорск;городской округ;24470;2025-01-01;8112027
smolensk;Велижский муниципальный округ;муниципальный округ;8583;2025-01-01;8112027
smolensk;Вяземский муниципальный округ;муниципальный округ;69166;2025-01-01;8112027
smolensk;Гагаринский муниципальный округ;муниципальный округ;38625;2025-01-01;8112027
smolensk;Глинковский муниципальный округ;муниципальный округ;3337;2025-01-01;8112027
smolensk;Демидовский муниципальный округ;муниципальный округ;10476;2025-01-01;8112027
smolensk;Дорогобужский муниципальный округ;муниципальный округ;23189;2025-01-01;8112027
smolensk;Духовщинский муниципальный округ;муниципальный округ;13463;2025-01-01;8112027
smolensk;Ельнинский муниципальный округ;муниципальный округ;10705;2025-01-01;8112027
smolensk;Ершичский муниципальный округ;муниципальный округ;4926;2025-01-01;8112027
smolensk;Кардымовский муниципальный округ;муниципальный округ;10591;2025-01-01;8112027
smolensk;Краснинский муниципальный округ;муниципальный округ;9981;2025-01-01;8112027
smolensk;Монастырщинский муниципальный округ;муниципальный округ;7570;2025-01-01;8112027
smolensk;Новодугинский муниципальный округ;муниципальный округ;6941;2025-01-01;8112027
smolensk;Починковский муниципальный округ;муниципальный округ;23914;2025-01-01;8112027
smolensk;Рославльский муниципальный округ;муниципальный округ;59175;2025-01-01;8112027
smolensk;Руднянский муниципальный округ;муниципальный округ;20184;2025-01-01;8112027
smolensk;Сафоновский муниципальный округ;муниципальный округ;49501;2025-01-01;8112027
smolensk;Смоленский муниципальный округ;муниципальный округ;61815;2025-01-01;8112027
smolensk;Сычевский муниципальный округ;муниципальный округ;11844;2025-01-01;8112027
smolensk;Темкинский муниципальный округ;муниципальный округ;4008;2025-01-01;8112027
smolensk;Угранский муниципальный округ;муниципальный округ;6369;2025-01-01;8112027
smolensk;Хиславичский  муниципальный округ;муниципальный округ;6268;2025-01-01;8112027
smolensk;Холм-Жирковский муниципальный округ;муниципальный округ;7566;2025-01-01;8112027
smolensk;Шумячский муниципальный округ;муниципальный округ;7753;2025-01-01;8112027
smolensk;Ярцевский муниципальный округ;муниципальный округ;46216;2025-01-01;8112027
kostroma;Городской округ город Кострома;городской округ;264952;2025-01-01;8112027
kostroma;Городской округ город Буй;городской округ;19639;2025-01-01;8112027
kostroma;Городской округ город Волгореченск;городской округ;14014;2025-01-01;8112027
kostroma;Городской округ город Галич;городской округ;12358;2025-01-01;8112027
kostroma;Городской округ город Шарья;городской округ;29836;2025-01-01;8112027
kostroma;Антроповский муниципальный округ;муниципальный округ;4883;2025-01-01;8112027
kostroma;Кадыйский муниципальный округ;муниципальный округ;5623;2025-01-01;8112027
kostroma;Кологривский муниципальный округ;муниципальный округ;3802;2025-01-01;8112027
kostroma;Макарьевский муниципальный округ;муниципальный округ;9706;2025-01-01;8112027
kostroma;Мантуровский муниципальный округ;муниципальный округ;14900;2025-01-01;8112027
kostroma;Межевской муниципальный округ;муниципальный округ;2586;2025-01-01;8112027
kostroma;Нейский муниципальный округ;муниципальный округ;9715;2025-01-01;8112027
kostroma;Октябрьский муниципальный округ;муниципальный округ;3147;2025-01-01;8112027
kostroma;Островский муниципальный округ;муниципальный округ;8568;2025-01-01;8112027
kostroma;Павинский муниципальный округ;муниципальный округ;2874;2025-01-01;8112027
kostroma;Парфеньевский муниципальный округ;муниципальный округ;4236;2025-01-01;8112027
kostroma;Поназыревский муниципальный округ;муниципальный округ;4488;2025-01-01;8112027
kostroma;Пыщугский муниципальный округ;муниципальный округ;3217;2025-01-01;8112027
kostroma;Солигаличский муниципальный округ;муниципальный округ;7358;2025-01-01;8112027
kostroma;Буйский муниципальный район;муниципальный район;8491;2025-01-01;8112027
kostroma;Вохомский муниципальный район;муниципальный район;6380;2025-01-01;8112027
kostroma;Галичский муниципальный район;муниципальный район;6138;2025-01-01;8112027
kostroma;Костромской муниципальный район;муниципальный район;40254;2025-01-01;8112027
kostroma;Красносельский муниципальный район;муниципальный район;15747;2025-01-01;8112027
kostroma;Муниципальный район город Нерехта и Нерехтский район;муниципальный район;27484;2025-01-01;8112027
kostroma;Судиславский муниципальный район;муниципальный район;10619;2025-01-01;8112027
kostroma;Сусанинский муниципальный район;муниципальный район;5357;2025-01-01;8112027
kostroma;Чухломский муниципальный район;муниципальный район;7557;2025-01-01;8112027
kostroma;Шарьинский муниципальный район;муниципальный район;6896;2025-01-01;8112027
ivanovo;Городской округ Иваново;городской округ;356735;2025-01-01;8112027
ivanovo;Городской округ Вичуга;городской округ;29228;2025-01-01;8112027
ivanovo;Городской округ Кинешма;городской округ;74197;2025-01-01;8112027
ivanovo;Городской округ Кохма;городской округ;29933;2025-01-01;8112027
ivanovo;Городской округ Тейково;городской округ;30398;2025-01-01;8112027
ivanovo;Городской округ Шуя;городской округ;52971;2025-01-01;8112027
ivanovo;Вичугский муниципальный район;муниципальный район;15437;2025-01-01;8112027
ivanovo;Верхнеландеховский муниципальный район;муниципальный район;3876;2025-01-01;8112027
ivanovo;Гаврилово-Посадский муниципальный район;муниципальный район;11756;2025-01-01;8112027
ivanovo;Заволжский муниципальный район;муниципальный район;11893;2025-01-01;8112027
ivanovo;Ивановский муниципальный район;муниципальный район;40558;2025-01-01;8112027
ivanovo;Ильинский муниципальный район;муниципальный район;7349;2025-01-01;8112027
ivanovo;Кинешемский муниципальный район;муниципальный район;17088;2025-01-01;8112027
ivanovo;Комсомольский муниципальный район;муниципальный район;19431;2025-01-01;8112027
ivanovo;Лежневский муниципальный район;муниципальный район;14596;2025-01-01;8112027
ivanovo;Лухский муниципальный район;муниципальный район;7274;2025-01-01;8112027
ivanovo;Палехский муниципальный район;муниципальный район;8329;2025-01-01;8112027
ivanovo;Пестяковский муниципальный район;муниципальный район;4659;2025-01-01;8112027
ivanovo;Приволжский муниципальный район;муниципальный район;21286;2025-01-01;8112027
ivanovo;Пучежский муниципальный район;муниципальный район;10362;2025-01-01;8112027
ivanovo;Родниковский муниципальный район;муниципальный район;29699;2025-01-01;8112027
ivanovo;Савинский муниципальный район;муниципальный район;9515;2025-01-01;8112027
ivanovo;Тейковский муниципальный район;муниципальный район;9749;2025-01-01;8112027
ivanovo;Фурмановский муниципальный район;муниципальный район;33194;2025-01-01;8112027
ivanovo;Шуйский муниципальный район;муниципальный район;18930;2025-01-01;8112027
ivanovo;Южский муниципальный район;муниципальный район;18832;2025-01-01;8112027
ivanovo;Юрьевецкий муниципальный район;муниципальный район;11215;2025-01-01;8112027
nizhny;Городской округ г Нижний Новгород;городской округ;1222172;2025-01-01;8112027
nizhny;Городской округ г Арзамас;городской округ;144336;2025-01-01;8112027
nizhny;Городской округ г Бор;городской округ;117287;2025-01-01;8112027
nizhny;Городской округ  Воротынский;городской округ;13105;2025-01-01;8112027
nizhny;Городской округ г Выкса;городской округ;72351;2025-01-01;8112027
nizhny;Городской округ г Дзержинск;городской округ;223327;2025-01-01;8112027
nizhny;Городской округ г Кулебаки;городской округ;44505;2025-01-01;8112027
nizhny;Городской округ Навашинский;городской округ;20357;2025-01-01;8112027
nizhny;Городской округ Перевозский;городской округ;15872;2025-01-01;8112027
nizhny;Городской округ г Саров;городской округ;93493;2025-01-01;8112027
nizhny;Городской округ  Семеновский;городской округ;45118;2025-01-01;8112027
nizhny;Городской округ г Шахунья;городской округ;27879;2025-01-01;8112027
nizhny;Городской округ г Первомайск;городской округ;16829;2025-01-01;8112027
nizhny;Городской округ Сокольский;городской округ;10704;2025-01-01;8112027
nizhny;Городской округ  г Чкаловск;городской округ;18698;2025-01-01;8112027
nizhny;Ардатовский муниципальный округ;муниципальный округ;22137;2025-01-01;8112027
nizhny;Балахнинский муниципальный округ;муниципальный округ;71497;2025-01-01;8112027
nizhny;Богородский муниципальный округ;муниципальный округ;57828;2025-01-01;8112027
nizhny;Большеболдинский муниципальный округ;муниципальный округ;10062;2025-01-01;8112027
nizhny;Большемурашкинский муниципальный округ;муниципальный округ;10165;2025-01-01;8112027
nizhny;Бутурлинский муниципальный округ;муниципальный округ;12766;2025-01-01;8112027
nizhny;Вадский муниципальный округ;муниципальный округ;13155;2025-01-01;8112027
nizhny;Варнавинский муниципальный округ;муниципальный округ;9466;2025-01-01;8112027
nizhny;Вачский муниципальный округ;муниципальный округ;16513;2025-01-01;8112027
nizhny;Ветлужский муниципальный округ;муниципальный округ;12359;2025-01-01;8112027
nizhny;Вознесенский муниципальный округ;муниципальный округ;14132;2025-01-01;8112027
nizhny;Володарский муниципальный округ;муниципальный округ;47710;2025-01-01;8112027
nizhny;Воскресенский муниципальный округ;муниципальный округ;15800;2025-01-01;8112027
nizhny;Гагинский муниципальный округ;муниципальный округ;9475;2025-01-01;8112027
nizhny;Городецкий муниципальный округ;муниципальный округ;79491;2025-01-01;8112027
nizhny;Дальнеконстантиновский муниципальный округ;муниципальный округ;20279;2025-01-01;8112027
nizhny;Дивеевский муниципальный округ;муниципальный округ;14737;2025-01-01;8112027
nizhny;Княгининский муниципальный округ;муниципальный округ;10690;2025-01-01;8112027
nizhny;Ковернинский  муниципальный округ;муниципальный округ;16938;2025-01-01;8112027
nizhny;Краснобаковский муниципальный округ;муниципальный округ;18276;2025-01-01;8112027
nizhny;Краснооктябрьский муниципальный округ;муниципальный округ;8417;2025-01-01;8112027
nizhny;Кстовский муниципальный округ;муниципальный округ;121322;2025-01-01;8112027
nizhny;Лукояновский муниципальный округ;муниципальный округ;25406;2025-01-01;8112027
nizhny;Лысковский муниципальный округ;муниципальный округ;33667;2025-01-01;8112027
nizhny;Павловский муниципальный округ;муниципальный округ;90990;2025-01-01;8112027
nizhny;Пильнинский муниципальный округ;муниципальный округ;17858;2025-01-01;8112027
nizhny;Починковский муниципальный округ;муниципальный округ;25041;2025-01-01;8112027
nizhny;Сергачский муниципальный округ;муниципальный округ;26402;2025-01-01;8112027
nizhny;Сеченовский муниципальный округ;муниципальный округ;13223;2025-01-01;8112027
nizhny;Сосновский муниципальный округ;муниципальный округ;15984;2025-01-01;8112027
nizhny;Спасский муниципальный округ;муниципальный округ;9222;2025-01-01;8112027
nizhny;Тонкинский муниципальный округ;муниципальный округ;6892;2025-01-01;8112027
nizhny;Тоншаевский муниципальный округ;муниципальный округ;14215;2025-01-01;8112027
nizhny;Уренский муниципальный округ;муниципальный округ;27699;2025-01-01;8112027
nizhny;Шарангский муниципальный округ;муниципальный округ;11232;2025-01-01;8112027
nizhny;Шатковский муниципальный округ;муниципальный округ;22342;2025-01-01;8112027
vologda;Городской округ город Вологда;городской округ;317822;2025-01-01;8112027
vologda;Городской округ город Череповец;городской округ;298160;2025-01-01;8112027
vologda;Бабаевский муниципальный округ;муниципальный округ;18541;2025-01-01;8112027
vologda;Бабушкинский муниципальный округ;муниципальный округ;9307;2025-01-01;8112027
vologda;Белозерский муниципальный округ;муниципальный округ;12978;2025-01-01;8112027
vologda;Вашкинский муниципальный округ;муниципальный округ;5872;2025-01-01;8112027
vologda;Великоустюгский муниципальный округ;муниципальный округ;48563;2025-01-01;8112027
vologda;Верховажский муниципальный округ;муниципальный округ;12287;2025-01-01;8112027
vologda;Вожегодский муниципальный округ;муниципальный округ;13416;2025-01-01;8112027
vologda;Вологодский муниципальный округ;муниципальный округ;51950;2025-01-01;8112027
vologda;Грязовецкий муниципальный округ;муниципальный округ;31398;2025-01-01;8112027
vologda;Кадуйский муниципальный округ;муниципальный округ;16316;2025-01-01;8112027
vologda;Кирилловский муниципальный округ;муниципальный округ;13795;2025-01-01;8112027
vologda;Кичменгско-Городецкий муниципальный округ;муниципальный округ;14079;2025-01-01;8112027
vologda;Междуреченский муниципальный округ;муниципальный округ;4740;2025-01-01;8112027
vologda;Никольский муниципальный округ;муниципальный округ;18390;2025-01-01;8112027
vologda;Нюксенский муниципальный округ;муниципальный округ;8316;2025-01-01;8112027
vologda;Сокольский муниципальный округ;муниципальный округ;44172;2025-01-01;8112027
vologda;Сямженский муниципальный округ;муниципальный округ;7880;2025-01-01;8112027
vologda;Тарногский муниципальный округ;муниципальный округ;10250;2025-01-01;8112027
vologda;Тотемский муниципальный округ;муниципальный округ;21802;2025-01-01;8112027
vologda;Усть-Кубинский муниципальный округ;муниципальный округ;7154;2025-01-01;8112027
vologda;Устюженский муниципальный округ;муниципальный округ;15048;2025-01-01;8112027
vologda;Харовский муниципальный округ;муниципальный округ;12618;2025-01-01;8112027
vologda;Чагодощенский муниципальный округ;муниципальный округ;10732;2025-01-01;8112027
vologda;Вытегорский муниципальный район;муниципальный район;21686;2025-01-01;8112027
vologda;Череповецкий муниципальный район;муниципальный район;39308;2025-01-01;8112027
vologda;Шекснинский муниципальный район;муниципальный район;28791;2025-01-01;8112027
bryansk;Городской округ город Брянск;городской округ;388026;2025-01-01;8112027
bryansk;Городской округ город Клинцы;городской округ;68343;2025-01-01;8112027
bryansk;Новозыбковский городской округ;городской округ;48143;2025-01-01;8112027
bryansk;Городской округ город Сельцо;городской округ;15207;2025-01-01;8112027
bryansk;Городской округ город Фокино;городской округ;11943;2025-01-01;8112027
bryansk;Жуковский муниципальный округ;муниципальный округ;32829;2025-01-01;8112027
bryansk;Стародубский муниципальный округ;муниципальный округ;33838;2025-01-01;8112027
bryansk;Брасовский муниципальный район;муниципальный район;17022;2025-01-01;8112027
bryansk;Брянский муниципальный район;муниципальный район;71483;2025-01-01;8112027
bryansk;Выгоничский муниципальный район;муниципальный район;16814;2025-01-01;8112027
bryansk;Гордеевский муниципальный район;муниципальный район;9513;2025-01-01;8112027
bryansk;Дубровский муниципальный район;муниципальный район;14207;2025-01-01;8112027
bryansk;Дятьковский муниципальный район;муниципальный район;52290;2025-01-01;8112027
bryansk;Жирятинский муниципальный район;муниципальный район;6246;2025-01-01;8112027
bryansk;Злынковский муниципальный район;муниципальный район;11289;2025-01-01;8112027
bryansk;Карачевский муниципальный район;муниципальный район;30460;2025-01-01;8112027
bryansk;Клетнянский муниципальный район;муниципальный район;16202;2025-01-01;8112027
bryansk;Климовский муниципальный район;муниципальный район;24461;2025-01-01;8112027
bryansk;Клинцовский муниципальный район;муниципальный район;16445;2025-01-01;8112027
bryansk;Комаричский муниципальный район;муниципальный район;15063;2025-01-01;8112027
bryansk;Красногорский муниципальный район;муниципальный район;9795;2025-01-01;8112027
bryansk;Мглинский муниципальный район;муниципальный район;15228;2025-01-01;8112027
bryansk;Навлинский муниципальный район;муниципальный район;26419;2025-01-01;8112027
bryansk;Погарский муниципальный район;муниципальный район;27906;2025-01-01;8112027
bryansk;Почепский муниципальный район;муниципальный район;32815;2025-01-01;8112027
bryansk;Рогнединский муниципальный район;муниципальный район;5869;2025-01-01;8112027
bryansk;Севский муниципальный район;муниципальный район;13360;2025-01-01;8112027
bryansk;Суземский муниципальный район;муниципальный район;14526;2025-01-01;8112027
bryansk;Суражский муниципальный район;муниципальный район;21522;2025-01-01;8112027
bryansk;Трубчевский муниципальный район;муниципальный район;32394;2025-01-01;8112027
bryansk;Унечский муниципальный район;муниципальный район;33137;2025-01-01;8112027
oryol;Городской округ город Орёл;городской округ;289503;2025-01-01;8112027
oryol;Городской округ город Ливны;городской округ;42256;2025-01-01;8112027
oryol;Городской округ город Мценск;городской округ;35116;2025-01-01;8112027
oryol;Орловский муниципальный округ;муниципальный округ;69794;2025-01-01;8112027
oryol;Болховский муниципальный район;муниципальный район;14814;2025-01-01;8112027
oryol;Верховский муниципальный район;муниципальный район;14326;2025-01-01;8112027
oryol;Глазуновский муниципальный район;муниципальный район;10091;2025-01-01;8112027
oryol;Дмитровский муниципальный район;муниципальный район;10231;2025-01-01;8112027
oryol;Должанский муниципальный район;муниципальный район;8382;2025-01-01;8112027
oryol;Залегощенский муниципальный район;муниципальный район;11628;2025-01-01;8112027
oryol;Знаменский муниципальный район;муниципальный район;4232;2025-01-01;8112027
oryol;Колпнянский муниципальный район;муниципальный район;12102;2025-01-01;8112027
oryol;Краснозоренский муниципальный район;муниципальный район;5020;2025-01-01;8112027
oryol;Кромской муниципальный район;муниципальный район;20539;2025-01-01;8112027
oryol;Корсаковский муниципальный район;муниципальный район;3645;2025-01-01;8112027
oryol;Ливенский муниципальный район;муниципальный район;25447;2025-01-01;8112027
oryol;Малоархангельский муниципальный район;муниципальный район;9269;2025-01-01;8112027
oryol;Мценский муниципальный район;муниципальный район;16164;2025-01-01;8112027
oryol;Новодеревеньковский муниципальный район;муниципальный район;8908;2025-01-01;8112027
oryol;Новосильский муниципальный район;муниципальный район;6453;2025-01-01;8112027
oryol;Покровский муниципальный район;муниципальный район;11689;2025-01-01;8112027
oryol;Свердловский муниципальный район;муниципальный район;13320;2025-01-01;8112027
oryol;Сосковский муниципальный район;муниципальный район;4968;2025-01-01;8112027
oryol;Троснянский муниципальный район;муниципальный район;7642;2025-01-01;8112027
oryol;Урицкий муниципальный район;муниципальный район;17161;2025-01-01;8112027
oryol;Хотынецкий муниципальный район;муниципальный район;7761;2025-01-01;8112027
oryol;Шаблыкинский муниципальный район;муниципальный район;5720;2025-01-01;8112027
lipetsk;Городской округ город Липецк;городской округ;483040;2025-01-01;8112027
lipetsk;Городской округ город Елец;городской округ;93761;2025-01-01;8112027
lipetsk;Воловский муниципальный округ;муниципальный округ;12073;2025-01-01;8112027
lipetsk;Добровский муниципальный округ;муниципальный округ;26837;2025-01-01;8112027
lipetsk;Измалковский муниципальный округ;муниципальный округ;14625;2025-01-01;8112027
lipetsk;Липецкий муниципальный округ;муниципальный округ;59825;2025-01-01;8112027
lipetsk;Становлянский муниципальный округ;муниципальный округ;16360;2025-01-01;8112027
lipetsk;Грязинский муниципальный район;муниципальный район;77322;2025-01-01;8112027
lipetsk;Данковский муниципальный район;муниципальный район;31074;2025-01-01;8112027
lipetsk;Добринский муниципальный район;муниципальный район;31752;2025-01-01;8112027
lipetsk;Долгоруковский муниципальный район;муниципальный район;15494;2025-01-01;8112027
lipetsk;Елецкий муниципальный район;муниципальный район;29137;2025-01-01;8112027
lipetsk;Задонский муниципальный район;муниципальный район;32976;2025-01-01;8112027
lipetsk;Краснинский муниципальный район;муниципальный район;12995;2025-01-01;8112027
lipetsk;Лебедянский муниципальный район;муниципальный район;38374;2025-01-01;8112027
lipetsk;Лев-Толстовский муниципальный район;муниципальный район;15853;2025-01-01;8112027
lipetsk;Тербунский муниципальный район;муниципальный район;20255;2025-01-01;8112027
lipetsk;Усманский муниципальный район;муниципальный район;48867;2025-01-01;8112027
lipetsk;Хлевенский муниципальный район;муниципальный район;18100;2025-01-01;8112027
lipetsk;Чаплыгинский муниципальный район;муниципальный район;29575;2025-01-01;8112027
tambov;Городской округ город Тамбов;городской округ;287226;2025-01-01;8112027
tambov;Городской округ город Кирсанов;городской округ;15705;2025-01-01;8112027
tambov;Городской округ город Котовск;городской округ;25852;2025-01-01;8112027
tambov;Городской округ город Мичуринск;городской округ;87914;2025-01-01;8112027
tambov;Городской округ город Моршанск;городской округ;38049;2025-01-01;8112027
tambov;Городской округ город Рассказово;городской округ;46264;2025-01-01;8112027
tambov;Городской округ город Уварово;городской округ;22754;2025-01-01;8112027
tambov;Бондарский муниципальный округ;муниципальный округ;8050;2025-01-01;8112027
tambov;Гавриловский муниципальный округ;муниципальный округ;9016;2025-01-01;8112027
tambov;Жердевский муниципальный округ;муниципальный округ;24531;2025-01-01;8112027
tambov;Знаменский муниципальный округ;муниципальный округ;13382;2025-01-01;8112027
tambov;Инжавинский муниципальный округ;муниципальный округ;16762;2025-01-01;8112027
tambov;Кирсановский муниципальный округ;муниципальный округ;17532;2025-01-01;8112027
tambov;Мичуринский муниципальный округ;муниципальный округ;30805;2025-01-01;8112027
tambov;Мордовский муниципальный округ;муниципальный округ;13158;2025-01-01;8112027
tambov;Моршанский муниципальный округ;муниципальный округ;30234;2025-01-01;8112027
tambov;Мучкапский муниципальный округ;муниципальный округ;10443;2025-01-01;8112027
tambov;Никифоровский муниципальный округ;муниципальный округ;15131;2025-01-01;8112027
tambov;Первомайский муниципальный округ;муниципальный округ;23493;2025-01-01;8112027
tambov;Петровский муниципальный округ;муниципальный округ;13285;2025-01-01;8112027
tambov;Пичаевский муниципальный округ;муниципальный округ;10423;2025-01-01;8112027
tambov;Рассказовский муниципальный округ;муниципальный округ;19972;2025-01-01;8112027
tambov;Ржаксинский муниципальный округ;муниципальный округ;13835;2025-01-01;8112027
tambov;Сампурский муниципальный округ;муниципальный округ;11447;2025-01-01;8112027
tambov;Сосновский муниципальный округ;муниципальный округ;23810;2025-01-01;8112027
tambov;Староюрьевский муниципальный округ;муниципальный округ;10878;2025-01-01;8112027
tambov;Тамбовский муниципальный округ;муниципальный округ;73567;2025-01-01;8112027
tambov;Токарёвский муниципальный округ;муниципальный округ;14898;2025-01-01;8112027
tambov;Уваровский муниципальный округ;муниципальный округ;8997;2025-01-01;8112027
tambov;Умётский муниципальный округ;муниципальный округ;9244;2025-01-01;8112027
mordovia;Городской округ Саранск;городской округ;337659;2025-01-01;8112027
mordovia;Ардатовский муниципальный район;муниципальный район;23301;2025-01-01;8112027
mordovia;Атюрьевский муниципальный район;муниципальный район;8867;2025-01-01;8112027
mordovia;Атяшевский муниципальный район;муниципальный район;16882;2025-01-01;8112027
mordovia;Большеберезниковский муниципальный район;муниципальный район;11606;2025-01-01;8112027
mordovia;Большеигнатовский муниципальный район;муниципальный район;6542;2025-01-01;8112027
mordovia;Дубенский муниципальный район;муниципальный район;11063;2025-01-01;8112027
mordovia;Ельниковский муниципальный район;муниципальный район;8897;2025-01-01;8112027
mordovia;Зубово-Полянский муниципальный район;муниципальный район;44895;2025-01-01;8112027
mordovia;Инсарский муниципальный район;муниципальный район;11305;2025-01-01;8112027
mordovia;Ичалковский муниципальный район;муниципальный район;16618;2025-01-01;8112027
mordovia;Кадошкинский муниципальный район;муниципальный район;6501;2025-01-01;8112027
mordovia;Ковылкинский муниципальный район;муниципальный район;35425;2025-01-01;8112027
mordovia;Кочкуровский муниципальный район;муниципальный район;9218;2025-01-01;8112027
mordovia;Краснослободский муниципальный район;муниципальный район;21250;2025-01-01;8112027
mordovia;Лямбирский муниципальный район;муниципальный район;33351;2025-01-01;8112027
mordovia;Ромодановский муниципальный район;муниципальный район;18703;2025-01-01;8112027
mordovia;Рузаевский муниципальный район;муниципальный район;58149;2025-01-01;8112027
mordovia;Старошайговский муниципальный район;муниципальный район;11109;2025-01-01;8112027
mordovia;Темниковский муниципальный район;муниципальный район;12499;2025-01-01;8112027
mordovia;Теньгушевский муниципальный район;муниципальный район;8899;2025-01-01;8112027
mordovia;Торбеевский муниципальный район;муниципальный район;18009;2025-01-01;8112027
mordovia;Чамзинский муниципальный район;муниципальный район;28147;2025-01-01;8112027
chuvashia;Чебоксарский городской округ;городской округ;507183;2025-01-01;8112027
chuvashia;Новочебоксарский городской округ;городской округ;120616;2025-01-01;8112027
chuvashia;Алатырский муниципальный округ;муниципальный округ;43970;2025-01-01;8112027
chuvashia;Аликовский муниципальный округ;муниципальный округ;13217;2025-01-01;8112027
chuvashia;Батыревский муниципальный округ;муниципальный округ;30329;2025-01-01;8112027
chuvashia;Вурнарский муниципальный округ;муниципальный округ;28005;2025-01-01;8112027
chuvashia;Ибресинский муниципальный округ;муниципальный округ;19544;2025-01-01;8112027
chuvashia;Канашский муниципальный округ;муниципальный округ;73961;2025-01-01;8112027
chuvashia;Козловский муниципальный округ;муниципальный округ;14546;2025-01-01;8112027
chuvashia;Комсомольский муниципальный округ;муниципальный округ;20099;2025-01-01;8112027
chuvashia;Красноармейский муниципальный округ;муниципальный округ;12185;2025-01-01;8112027
chuvashia;Красночетайский муниципальный округ;муниципальный округ;13296;2025-01-01;8112027
chuvashia;Мариинско-Посадский муниципальный округ;муниципальный округ;18171;2025-01-01;8112027
chuvashia;Моргаушский муниципальный округ;муниципальный округ;30389;2025-01-01;8112027
chuvashia;Порецкий муниципальный округ;муниципальный округ;10144;2025-01-01;8112027
chuvashia;Урмарский муниципальный округ;муниципальный округ;19736;2025-01-01;8112027
chuvashia;Цивильский муниципальный округ;муниципальный округ;30829;2025-01-01;8112027
chuvashia;Чебоксарский муниципальный округ;муниципальный округ;61307;2025-01-01;8112027
chuvashia;Шемуршинский муниципальный округ;муниципальный округ;11128;2025-01-01;8112027
chuvashia;Шумерлинский муниципальный округ;муниципальный округ;32786;2025-01-01;8112027
chuvashia;Ядринский муниципальный округ;муниципальный округ;21952;2025-01-01;8112027
chuvashia;Яльчикский муниципальный округ;муниципальный округ;14601;2025-01-01;8112027
chuvashia;Янтиковский муниципальный округ;муниципальный округ;11774;2025-01-01;8112027
